{
  "ENFJ": {
    "precision": 0.28843537414965986,
    "recall": 0.17666666666666667,
    "f1-score": 0.21912144702842376,
    "support": 1200.0
  },
  "ENFP": {
    "precision": 0.4110756123535676,
    "recall": 0.32166666666666666,
    "f1-score": 0.36091631603553065,
    "support": 1200.0
  },
  "ENTJ": {
    "precision": 0.37631887456037516,
    "recall": 0.2675,
    "f1-score": 0.3127131027764247,
    "support": 1200.0
  },
  "ENTP": {
    "precision": 0.43509865005192105,
    "recall": 0.3491666666666667,
    "f1-score": 0.3874248728617661,
    "support": 1200.0
  },
  "ESFJ": {
    "precision": 0.12307692307692308,
    "recall": 0.10526315789473684,
    "f1-score": 0.11347517730496454,
    "support": 380.0
  },
  "ESFP": {
    "precision": 0.0830945558739255,
    "recall": 0.07231920199501247,
    "f1-score": 0.07733333333333334,
    "support": 401.0
  },
  "ESTJ": {
    "precision": 0.27296587926509186,
    "recall": 0.254278728606357,
    "f1-score": 0.26329113924050634,
    "support": 409.0
  },
  "ESTP": {
    "precision": 0.5210884353741496,
    "recall": 0.3529953917050691,
    "f1-score": 0.4208791208791209,
    "support": 1085.0
  },
  "INFJ": {
    "precision": 0.2562425683709869,
    "recall": 0.3591666666666667,
    "f1-score": 0.29909784871616935,
    "support": 1200.0
  },
  "INFP": {
    "precision": 0.30956848030018763,
    "recall": 0.4125,
    "f1-score": 0.3536977491961415,
    "support": 1200.0
  },
  "INTJ": {
    "precision": 0.272613849033063,
    "recall": 0.3641666666666667,
    "f1-score": 0.31180877631109527,
    "support": 1200.0
  },
  "INTP": {
    "precision": 0.31722054380664655,
    "recall": 0.4375,
    "f1-score": 0.36777583187390545,
    "support": 1200.0
  },
  "ISFJ": {
    "precision": 0.1769352290679305,
    "recall": 0.18666666666666668,
    "f1-score": 0.1816707218167072,
    "support": 1200.0
  },
  "ISFP": {
    "precision": 0.1920849420849421,
    "recall": 0.16583333333333333,
    "f1-score": 0.1779964221824687,
    "support": 1200.0
  },
  "ISTJ": {
    "precision": 0.19950940310711365,
    "recall": 0.20333333333333334,
    "f1-score": 0.20140321914981427,
    "support": 1200.0
  },
  "ISTP": {
    "precision": 0.2915101427498122,
    "recall": 0.3233333333333333,
    "f1-score": 0.3065981825365468,
    "support": 1200.0
  },
  "accuracy": 0.29007496251874065,
  "macro avg": {
    "precision": 0.2829274664516435,
    "recall": 0.27202228001257345,
    "f1-score": 0.27220020382768245,
    "support": 16675.0
  },
  "weighted avg": {
    "precision": 0.29919343617622174,
    "recall": 0.29007496251874065,
    "f1-score": 0.28874006265233937,
    "support": 16675.0
  }
}